<?xml version='1.0' encoding='utf-8'?>
<!DOCTYPE hibernate-configuration PUBLIC
    "-//Hibernate/Hibernate Configuration DTD//EN"
    "http://www.hibernate.org/dtd/hibernate-configuration-3.0.dtd">
<hibernate-configuration>
  <session-factory>
    <property name="connection.url">jdbc:postgresql://localhost:5432/banco</property>
    <property name="connection.driver_class">org.postgresql.Driver</property>
    <property name="connection.username">postgres</property>
    <property name="connection.password">A123456a</property>
    <mapping class="org.example.entidades.CuentaBancaria"/>
    <mapping class="org.example.entidades.CuentaCredito"/>
    <mapping class="org.example.entidades.CuentaDebito"/>
    <!-- <property name="connection.username"/> -->
    <!-- <property name="connection.password"/> -->

    <!-- DB schema will be updated if needed -->
    <!-- <property name="hibernate.hbm2ddl.auto">update</property> -->
  </session-factory>
</hibernate-configuration>