<?xml version='1.0' encoding='utf-8'?>
<!DOCTYPE hibernate-mapping PUBLIC
    "-//Hibernate/Hibernate Mapping DTD 3.0//EN"
    "http://www.hibernate.org/dtd/hibernate-mapping-3.0.dtd">
<hibernate-mapping>

    <class name="org.acdat.entitiesXML.ClientesDestinosJPA" table="clientes_destinos" schema="public"
           catalog="HibernatePrueba">
        <composite-id mapped="true" class="org.acdat.entitiesXML.ClientesDestinosJPAPK">
            <key-property name="clienteId">
                <column name="cliente_id" sql-type="integer"/>
            </key-property>
            <key-property name="destinoId">
                <column name="destino_id" sql-type="integer"/>
            </key-property>
        </composite-id>
        <many-to-one name="clientesByClienteId" class="org.acdat.entitiesXML.ClientesJPA">
            <column name="cliente_id"/>
        </many-to-one>
    </class>
</hibernate-mapping>