<?xml version='1.0' encoding='utf-8'?>
<!DOCTYPE hibernate-mapping PUBLIC
    "-//Hibernate/Hibernate Mapping DTD 3.0//EN"
    "http://www.hibernate.org/dtd/hibernate-mapping-3.0.dtd">
<hibernate-mapping>

    <class name="org.acdat.entitiesXML.DestinosAgenciasJPA" table="destinos_agencias" schema="public"
           catalog="HibernatePrueba">
        <composite-id mapped="true" class="org.acdat.entitiesXML.DestinosAgenciasJPAPK">
            <key-property name="destinoId">
                <column name="destino_id" sql-type="integer"/>
            </key-property>
            <key-property name="agenciaId">
                <column name="agencia_id" sql-type="integer"/>
            </key-property>
        </composite-id>
        <many-to-one name="destinosByDestinoId" class="org.acdat.entitiesXML.DestinosJPA">
            <column name="destino_id"/>
        </many-to-one>
        <many-to-one name="agenciasByAgenciaId" class="org.acdat.entitiesXML.AgenciasJPA">
            <column name="agencia_id"/>
        </many-to-one>
    </class>
</hibernate-mapping>