<?xml version="1.0" encoding="UTF-8"?>
<list>
  <item>
    <Título>6 Hit Combo</Título>
    <Semilla>http://6hitcombo.blogspot.com</Semilla>
    <Estado>Inactiva</Estado>
    <Tipo_de_recolección>Selectiva</Tipo_de_recolección>
    <Frecuencia_>Anual</Frecuencia_>
    <Profundidad>Inicio y 2 niveles</Profundidad>
    <Tamaño>Pequeno</Tamaño>
    <Palabras_clave>Videojuegos / Blogs de comunicación social</Palabras_clave>
    <Materia>79 Juegos. Espectáculos. Deportes</Materia>
  </item>
  <item>
    <Título>8 bits de poder</Título>
    <Semilla>http://8bitsdepoder.blogspot.com</Semilla>
    <Estado>Activa</Estado>
    <Tipo_de_recolección>Selectiva</Tipo_de_recolección>
    <Frecuencia_>Mensual</Frecuencia_>
    <Profundidad>Inicio y 2 niveles</Profundidad>
    <Tamaño>Pequeno</Tamaño>
    <Palabras_clave>Videojuegos / Blogs de comunicación social</Palabras_clave>
    <Materia>79 Juegos. Espectáculos. Deportes</Materia>
  </item>
  <item>
    <Título>AAMSX. Associació d'Amics del MSX</Título>
    <Semilla>http://aamsx.com</Semilla>
    <Estado>Activa</Estado>
    <Tipo_de_recolección>Selectiva</Tipo_de_recolección>
    <Frecuencia_>Anual</Frecuencia_>
    <Profundidad>Inicio y 2 niveles</Profundidad>
    <Tamaño>Pequeno</Tamaño>
    <Palabras_clave>Videojuegos</Palabras_clave>
    <Materia>79 Juegos. Espectáculos. Deportes</Materia>
  </item>
  <item>
    <Título>AstroChat y AstroChat Mujeres Espaciales, ¡Explora el universo mientras te echas una risas!</Título>
    <Semilla>http://astrochat.org</Semilla>
    <URL_adicionales>http://astrochat.org/astrochatmujeresespaciales/index.html - http://astrochat.org/juegaonline/</URL_adicionales>
    <Estado>Inactiva</Estado>
    <Tipo_de_recolección>Selectiva</Tipo_de_recolección>
    <Frecuencia_>Unica</Frecuencia_>
    <Profundidad>Host</Profundidad>
    <Tamaño>Grande</Tamaño>
    <Palabras_clave>Videojuegos / Espacio / Astronautas / Científicos / Mujeres / Centíficas</Palabras_clave>
    <Materia>79 Juegos. Espectáculos. Deportes</Materia>
  </item>
  <item>
    <Título>Deus Ex Machina: Video Games Magazine</Título>
    <Semilla>http://deusexmachina.es</Semilla>
    <Estado>Inactiva</Estado>
    <Tipo_de_recolección>Selectiva</Tipo_de_recolección>
    <Frecuencia_>Unica</Frecuencia_>
    <Profundidad>Host</Profundidad>
    <Tamaño>Pequeno</Tamaño>
    <Palabras_clave>Videojuegos / Revistas Digitales</Palabras_clave>
    <Materia>79 Juegos. Espectáculos. Deportes</Materia>
  </item>
  <item>
    <Título>El retroconsolero</Título>
    <Semilla>http://elretroconsolero.blogspot.com</Semilla>
    <Estado>Activa</Estado>
    <Tipo_de_recolección>Selectiva</Tipo_de_recolección>
    <Frecuencia_>Mensual</Frecuencia_>
    <Profundidad>Inicio y 2 niveles</Profundidad>
    <Tamaño>Pequeno</Tamaño>
    <Palabras_clave>Videojuegos / Blogs de comunicación social</Palabras_clave>
    <Materia>79 Juegos. Espectáculos. Deportes</Materia>
  </item>
  <item>
    <Título>Games from Spain - Directorio Oficial de la Industria Española del Videojuego</Título>
    <Semilla>http://es.gamespain.es</Semilla>
    <Estado>Activa</Estado>
    <Tipo_de_recolección>Selectiva</Tipo_de_recolección>
    <Frecuencia_>Mensual</Frecuencia_>
    <Profundidad>Inicio y 2 niveles</Profundidad>
    <Tamaño>Pequeno</Tamaño>
    <Palabras_clave>videojuegos / Empresas informáticas / España / Directorio</Palabras_clave>
    <Materia>79 Juegos. Espectáculos. Deportes</Materia>
  </item>
  <item>
    <Título>estudiofuture: Experiencias de Realidad Virtual Impactantes</Título>
    <Semilla>http://estudiofuture.com/es/</Semilla>
    <Estado>Activa</Estado>
    <Tipo_de_recolección>Selectiva</Tipo_de_recolección>
    <Frecuencia_>Mensual</Frecuencia_>
    <Profundidad>Inicio y 2 niveles</Profundidad>
    <Tamaño>Mediano</Tamaño>
    <Palabras_clave>Videojuegos / Realidad virtual / Empresas pequeñas</Palabras_clave>
    <Materia>79 Juegos. Espectáculos. Deportes</Materia>
  </item>
</list>