<?xml version='1.0' encoding='utf-8'?>
<!DOCTYPE hibernate-configuration PUBLIC
    "-//Hibernate/Hibernate Configuration DTD//EN"
    "http://www.hibernate.org/dtd/hibernate-configuration-3.0.dtd">
<hibernate-configuration>
  <session-factory>
    <property name="connection.url">jdbc:postgresql://localhost:5432/ExamenDiciembre</property>
    <property name="connection.driver_class">org.postgresql.Driver</property>
    <property name="connection.username">postgres</property>
    <property name="connection.password">A123456a</property>
    <property name="hibernate.hbm2ddl.auto">update</property>
    <property name="hibernate.show_sql">true</property>
    <mapping class="org.example.entities.User"/>
    <mapping class="org.example.entities.Comprador"/>
    <mapping class="org.example.entities.Articulo"/>
    <mapping class="org.example.entities.Venta"/>
    <mapping class="org.example.entities.Vehiculo"/>
    <mapping class="org.example.entities.Concesionario"/>
    
    <!-- <property name="connection.username"/> -->
    <!-- <property name="connection.password"/> -->

    <!-- DB schema will be updated if needed -->
    <!-- <property name="hibernate.hbm2ddl.auto">update</property> -->
  </session-factory>
</hibernate-configuration>